<?xml version="1.0" encoding="utf-8"?>
<languages>

  The interpreted languages are Python, Ruby, Perl and PHP.

  <language name="python">
    <!-- Our favorite language -->
    <name>Python</name>
    <inventor>Guido van Rossum</inventor>
    <url>www.python.org</url>
  </language>
  <language name="ruby">
    <name>Ruby</name>
    <inventor>Yukihiro Matsumoto</inventor>
    <url>www.ruby-lang.org</url>
  </language>
  <language name="perl">
    <name>Perl</name>
    <inventor>Larry Wall</inventor>
    <url>www.perl.org</url>
  </language>
  <language name="php">
    <name>PHP</name>
    <inventor>Rasmus Lerdorf</inventor>
    <url>www.php.net</url>
  </language>

  Compiled languages are C and C++

  <language name="c">
    <name>C</name>
    <inventor>Dennis Ritchie</inventor>
    <inventor>Brian Kernighan</inventor>
  </language>
  <language name="c++">
    <name>C++</name>
    <inventor>Bjarne Stroustrup</inventor>
  </language>

  Lisp is normally interpreted, but can be compiled as well

  <language name="lisp">
    <name>Lisp</name>
    <inventor>John McCarthy</inventor>
  </language>
</languages>
